Survey,Sample ID,Occurrence ID,Site Type,Site Code,Date,Section No.,Section Code,Species,Preferred,Recorder Name,Start Time,End Time,Temp (Deg C) term ID,Temp (Deg C) term,Wind Direction term ID,Wind Direction term,Wind Speed term ID,Wind Speed term,% Sun,% Cloud,Reliability term ID,Reliability term,Abundance count
EBMS Transects,6425118,11214774,Transect,EBMS:Italy:17,21/06/2017,S1,EBMS:Italy:17.1,Small Skipper,Thymelicus sylvestris,Parco Nazionale Gran Paradiso,13:55,14:45,16539,19,,,2455,3. Leaves and twigs in slight motion,,,,,3
EBMS Transects,6425118,11214752,Transect,EBMS:Italy:17,21/06/2017,S1,EBMS:Italy:17.1,Black-veined White,Aporia crataegi,Parco Nazionale Gran Paradiso,13:55,14:45,16539,19,,,2455,3. Leaves and twigs in slight motion,,,,,4
EBMS Transects,6425118,11214769,Transect,EBMS:Italy:17,21/06/2017,S1,EBMS:Italy:17.1,Purple-edged Copper,Lycaena hippothoe,Parco Nazionale Gran Paradiso,13:55,14:45,16539,19,,,2455,3. Leaves and twigs in slight motion,,,,,3
EBMS Transects,6425118,11214773,Transect,EBMS:Italy:17,21/06/2017,S1,EBMS:Italy:17.1,Silver-studded Blue,Plebejus argus,Parco Nazionale Gran Paradiso,13:55,14:45,16539,19,,,2455,3. Leaves and twigs in slight motion,,,,,7
EBMS Transects,6425118,11214784,Transect,EBMS:Italy:17,21/06/2017,S1,EBMS:Italy:17.1,Geranium Argus,Eumedonia eumedon,Parco Nazionale Gran Paradiso,13:55,14:45,16539,19,,,2455,3. Leaves and twigs in slight motion,,,,,1
EBMS Transects,6425118,11214760,Transect,EBMS:Italy:17,21/06/2017,S1,EBMS:Italy:17.1,Queen of Spain Fritillary,Issoria lathonia,Parco Nazionale Gran Paradiso,13:55,14:45,16539,19,,,2455,3. Leaves and twigs in slight motion,,,,,2
EBMS Transects,6425118,11214754,Transect,EBMS:Italy:17,21/06/2017,S1,EBMS:Italy:17.1,Marbled Fritillary,Brenthis daphne,Parco Nazionale Gran Paradiso,13:55,14:45,16539,19,,,2455,3. Leaves and twigs in slight motion,,,,,2
EBMS Transects,6425118,11214753,Transect,EBMS:Italy:17,21/06/2017,S1,EBMS:Italy:17.1,Pearl-bordered Fritillary,Boloria euphrosyne,Parco Nazionale Gran Paradiso,13:55,14:45,16539,19,,,2455,3. Leaves and twigs in slight motion,,,,,1
EBMS Transects,6425118,11214785,Transect,EBMS:Italy:17,21/06/2017,S1,EBMS:Italy:17.1,Small Tortoiseshell,Aglais urticae,Parco Nazionale Gran Paradiso,13:55,14:45,16539,19,,,2455,3. Leaves and twigs in slight motion,,,,,1
EBMS Transects,6425118,11214771,Transect,EBMS:Italy:17,21/06/2017,S1,EBMS:Italy:17.1,Knapweed Fritillary,Melitaea phoebe,Parco Nazionale Gran Paradiso,13:55,14:45,16539,19,,,2455,3. Leaves and twigs in slight motion,,,,,3
EBMS Transects,6425118,11214757,Transect,EBMS:Italy:17,21/06/2017,S1,EBMS:Italy:17.1,Small Heath,Coenonympha pamphilus,Parco Nazionale Gran Paradiso,13:55,14:45,16539,19,,,2455,3. Leaves and twigs in slight motion,,,,,1
EBMS Transects,6425118,11214756,Transect,EBMS:Italy:17,21/06/2017,S1,EBMS:Italy:17.1,Alpine Heath,Coenonympha gardetta,Parco Nazionale Gran Paradiso,13:55,14:45,16539,19,,,2455,3. Leaves and twigs in slight motion,,,,,2
EBMS Transects,6425118,11214761,Transect,EBMS:Italy:17,21/06/2017,S1,EBMS:Italy:17.1,Large Wall Brown,Lasiommata maera,Parco Nazionale Gran Paradiso,13:55,14:45,16539,19,,,2455,3. Leaves and twigs in slight motion,,,,,2
EBMS Transects,6425118,11214758,Transect,EBMS:Italy:17,21/06/2017,S1,EBMS:Italy:17.1,Almond-eyed Ringlet,Erebia albergana,Parco Nazionale Gran Paradiso,13:55,14:45,16539,19,,,2455,3. Leaves and twigs in slight motion,,,,,9
EBMS Transects,6425118,11214759,Transect,EBMS:Italy:17,21/06/2017,S1,EBMS:Italy:17.1,Woodland Ringlet,Erebia medusa,Parco Nazionale Gran Paradiso,13:55,14:45,16539,19,,,2455,3. Leaves and twigs in slight motion,,,,,1
EBMS Transects,6425054,11214653,Transect,EBMS:Italy:17,03/07/2017,S1,EBMS:Italy:17.1,Large Skipper,Ochlodes sylvanus,Parco Nazionale Gran Paradiso,16:40,17:10,16538,18,,,2455,3. Leaves and twigs in slight motion,,,,,1
EBMS Transects,6425054,11214596,Transect,EBMS:Italy:17,03/07/2017,S1,EBMS:Italy:17.1,Small Skipper,Thymelicus sylvestris,Parco Nazionale Gran Paradiso,16:40,17:10,16538,18,,,2455,3. Leaves and twigs in slight motion,,,,,4
EBMS Transects,6425054,11214624,Transect,EBMS:Italy:17,03/07/2017,S1,EBMS:Italy:17.1,Essex Skipper,Thymelicus lineola,Parco Nazionale Gran Paradiso,16:40,17:10,16538,18,,,2455,3. Leaves and twigs in slight motion,,,,,1
EBMS Transects,6425054,11214676,Transect,EBMS:Italy:17,03/07/2017,S1,EBMS:Italy:17.1,Carline Skipper,Pyrgus carlinae,Parco Nazionale Gran Paradiso,16:40,17:10,16538,18,,,2455,3. Leaves and twigs in slight motion,,,,,1
EBMS Transects,6425054,11214669,Transect,EBMS:Italy:17,03/07/2017,S1,EBMS:Italy:17.1,Black-veined White,Aporia crataegi,Parco Nazionale Gran Paradiso,16:40,17:10,16538,18,,,2455,3. Leaves and twigs in slight motion,,,,,3
EBMS Transects,6425054,11214667,Transect,EBMS:Italy:17,03/07/2017,S1,EBMS:Italy:17.1,Purple-edged Copper,Lycaena hippothoe,Parco Nazionale Gran Paradiso,16:40,17:10,16538,18,,,2455,3. Leaves and twigs in slight motion,,,,,4
EBMS Transects,6425054,11214645,Transect,EBMS:Italy:17,03/07/2017,S1,EBMS:Italy:17.1,Sooty Copper,Lycaena tityrus,Parco Nazionale Gran Paradiso,16:40,17:10,16538,18,,,2455,3. Leaves and twigs in slight motion,,,,,2
EBMS Transects,6425054,11214650,Transect,EBMS:Italy:17,03/07/2017,S1,EBMS:Italy:17.1,Large Blue,Phengaris arion,Parco Nazionale Gran Paradiso,16:40,17:10,16538,18,,,2455,3. Leaves and twigs in slight motion,,,,,2
EBMS Transects,6425054,11214649,Transect,EBMS:Italy:17,03/07/2017,S1,EBMS:Italy:17.1,Silver-studded Blue,Plebejus argus,Parco Nazionale Gran Paradiso,16:40,17:10,16538,18,,,2455,3. Leaves and twigs in slight motion,,,,,1
EBMS Transects,6425054,11214636,Transect,EBMS:Italy:17,03/07/2017,S1,EBMS:Italy:17.1,Mazarine Blue,Cyaniris semiargus,Parco Nazionale Gran Paradiso,16:40,17:10,16538,18,,,2455,3. Leaves and twigs in slight motion,,,,,3
EBMS Transects,6425054,11214633,Transect,EBMS:Italy:17,03/07/2017,S1,EBMS:Italy:17.1,Marbled Fritillary,Brenthis daphne,Parco Nazionale Gran Paradiso,16:40,17:10,16538,18,,,2455,3. Leaves and twigs in slight motion,,,,,1
EBMS Transects,6425054,11214640,Transect,EBMS:Italy:17,03/07/2017,S1,EBMS:Italy:17.1,Titania's Fritillary,Boloria titania,Parco Nazionale Gran Paradiso,16:40,17:10,16538,18,,,2455,3. Leaves and twigs in slight motion,,,,,1
EBMS Transects,6425054,11214610,Transect,EBMS:Italy:17,03/07/2017,S1,EBMS:Italy:17.1,Heath Fritillary,Melitaea athalia,Parco Nazionale Gran Paradiso,16:40,17:10,16538,18,,,2455,3. Leaves and twigs in slight motion,,,,,3
EBMS Transects,6425054,11214616,Transect,EBMS:Italy:17,03/07/2017,S1,EBMS:Italy:17.1,Alpine Heath,Coenonympha gardetta,Parco Nazionale Gran Paradiso,16:40,17:10,16538,18,,,2455,3. Leaves and twigs in slight motion,,,,,2
EBMS Transects,6425054,11214641,Transect,EBMS:Italy:17,03/07/2017,S1,EBMS:Italy:17.1,Large Wall Brown,Lasiommata maera,Parco Nazionale Gran Paradiso,16:40,17:10,16538,18,,,2455,3. Leaves and twigs in slight motion,,,,,1
EBMS Transects,6425054,11214620,Transect,EBMS:Italy:17,03/07/2017,S1,EBMS:Italy:17.1,Almond-eyed Ringlet,Erebia albergana,Parco Nazionale Gran Paradiso,16:40,17:10,16538,18,,,2455,3. Leaves and twigs in slight motion,,,,,9
EBMS Transects,6424622,11214242,Transect,EBMS:Italy:17,15/07/2017,S1,EBMS:Italy:17.1,Small Skipper,Thymelicus sylvestris,Parco Nazionale Gran Paradiso,14:55,15:40,16539,19,,,2453,1. Slight smoke drift,,,,,9
EBMS Transects,6424622,11214245,Transect,EBMS:Italy:17,15/07/2017,S1,EBMS:Italy:17.1,Black-veined White,Aporia crataegi,Parco Nazionale Gran Paradiso,14:55,15:40,16539,19,,,2453,1. Slight smoke drift,,,,,2
EBMS Transects,6424622,11214135,Transect,EBMS:Italy:17,15/07/2017,S1,EBMS:Italy:17.1,Purple-edged Copper,Lycaena hippothoe,Parco Nazionale Gran Paradiso,14:55,15:40,16539,19,,,2453,1. Slight smoke drift,,,,,1
EBMS Transects,6424622,11214250,Transect,EBMS:Italy:17,15/07/2017,S1,EBMS:Italy:17.1,Scarce Copper,Lycaena virgaureae,Parco Nazionale Gran Paradiso,14:55,15:40,16539,19,,,2453,1. Slight smoke drift,,,,,2
EBMS Transects,6424622,11214259,Transect,EBMS:Italy:17,15/07/2017,S1,EBMS:Italy:17.1,Green Hairstreak,Callophrys rubi,Parco Nazionale Gran Paradiso,14:55,15:40,16539,19,,,2453,1. Slight smoke drift,,,,,1
EBMS Transects,6424622,11213956,Transect,EBMS:Italy:17,15/07/2017,S1,EBMS:Italy:17.1,Mazarine Blue,Cyaniris semiargus,Parco Nazionale Gran Paradiso,14:55,15:40,16539,19,,,2453,1. Slight smoke drift,,,,,3
EBMS Transects,6424622,11214246,Transect,EBMS:Italy:17,15/07/2017,S1,EBMS:Italy:17.1,Turquoise Blue,Polyommatus dorylas,Parco Nazionale Gran Paradiso,14:55,15:40,16539,19,,,2453,1. Slight smoke drift,,,,,1
EBMS Transects,6424622,11214251,Transect,EBMS:Italy:17,15/07/2017,S1,EBMS:Italy:17.1,Common Blue,Polyommatus icarus,Parco Nazionale Gran Paradiso,14:55,15:40,16539,19,,,2453,1. Slight smoke drift,,,,,1
EBMS Transects,6424622,11214254,Transect,EBMS:Italy:17,15/07/2017,S1,EBMS:Italy:17.1,Silver-washed Fritillary,Argynnis paphia,Parco Nazionale Gran Paradiso,14:55,15:40,16539,19,,,2453,1. Slight smoke drift,,,,,1
EBMS Transects,6424622,11214256,Transect,EBMS:Italy:17,15/07/2017,S1,EBMS:Italy:17.1,Niobe Fritillary,Fabriciana niobe,Parco Nazionale Gran Paradiso,14:55,15:40,16539,19,,,2453,1. Slight smoke drift,,,,,1
EBMS Transects,6424622,11214255,Transect,EBMS:Italy:17,15/07/2017,S1,EBMS:Italy:17.1,Niobe Fritillary,Fabriciana niobe,Parco Nazionale Gran Paradiso,14:55,15:40,16539,19,,,2453,1. Slight smoke drift,,,,,1
EBMS Transects,6424622,11214243,Transect,EBMS:Italy:17,15/07/2017,S1,EBMS:Italy:17.1,Heath Fritillary,Melitaea athalia,Parco Nazionale Gran Paradiso,14:55,15:40,16539,19,,,2453,1. Slight smoke drift,,,,,3
EBMS Transects,6424622,11213936,Transect,EBMS:Italy:17,15/07/2017,S1,EBMS:Italy:17.1,Pearly Heath,Coenonympha arcania,Parco Nazionale Gran Paradiso,14:55,15:40,16539,19,,,2453,1. Slight smoke drift,,,,,3
EBMS Transects,6424622,11214244,Transect,EBMS:Italy:17,15/07/2017,S1,EBMS:Italy:17.1,Large Wall Brown,Lasiommata maera,Parco Nazionale Gran Paradiso,14:55,15:40,16539,19,,,2453,1. Slight smoke drift,,,,,3
EBMS Transects,6424622,11214218,Transect,EBMS:Italy:17,15/07/2017,S1,EBMS:Italy:17.1,Marbled White,Melanargia galathea,Parco Nazionale Gran Paradiso,14:55,15:40,16539,19,,,2453,1. Slight smoke drift,,,,,2
EBMS Transects,6424622,11214214,Transect,EBMS:Italy:17,15/07/2017,S1,EBMS:Italy:17.1,Marbled White,Melanargia galathea,Parco Nazionale Gran Paradiso,14:55,15:40,16539,19,,,2453,1. Slight smoke drift,,,,,2
EBMS Transects,6424622,11214210,Transect,EBMS:Italy:17,15/07/2017,S1,EBMS:Italy:17.1,Piedmont Ringlet,Erebia meolans,Parco Nazionale Gran Paradiso,14:55,15:40,16539,19,,,2453,1. Slight smoke drift,,,,,1
EBMS Transects,6424622,11214248,Transect,EBMS:Italy:17,15/07/2017,S1,EBMS:Italy:17.1,Almond-eyed Ringlet,Erebia albergana,Parco Nazionale Gran Paradiso,14:55,15:40,16539,19,,,2453,1. Slight smoke drift,,,,,5
EBMS Transects,6424622,11214240,Transect,EBMS:Italy:17,15/07/2017,S1,EBMS:Italy:17.1,Lesser Mountain Ringlet,Erebia melampus,Parco Nazionale Gran Paradiso,14:55,15:40,16539,19,,,2453,1. Slight smoke drift,,,,,1
EBMS Transects,6424558,11213725,Transect,EBMS:Italy:17,02/08/2017,S1,EBMS:Italy:17.1,Silver-spotted Skipper,Hesperia comma,Parco Nazionale Gran Paradiso,12:30,13:20,16540,20,,,2606,0. Smoke rises vertically,,,,,1
EBMS Transects,6424558,11213712,Transect,EBMS:Italy:17,02/08/2017,S1,EBMS:Italy:17.1,Small Skipper,Thymelicus sylvestris,Parco Nazionale Gran Paradiso,12:30,13:20,16540,20,,,2606,0. Smoke rises vertically,,,,,6
EBMS Transects,6424558,11213723,Transect,EBMS:Italy:17,02/08/2017,S1,EBMS:Italy:17.1,Purple-shot Copper,Lycaena alciphron,Parco Nazionale Gran Paradiso,12:30,13:20,16540,20,,,2606,0. Smoke rises vertically,,,,,1
EBMS Transects,6424558,11213706,Transect,EBMS:Italy:17,02/08/2017,S1,EBMS:Italy:17.1,Scarce Copper,Lycaena virgaureae,Parco Nazionale Gran Paradiso,12:30,13:20,16540,20,,,2606,0. Smoke rises vertically,,,,,3
EBMS Transects,6424558,11213696,Transect,EBMS:Italy:17,02/08/2017,S1,EBMS:Italy:17.1,Mazarine Blue,Cyaniris semiargus,Parco Nazionale Gran Paradiso,12:30,13:20,16540,20,,,2606,0. Smoke rises vertically,,,,,1
EBMS Transects,6424558,11213724,Transect,EBMS:Italy:17,02/08/2017,S1,EBMS:Italy:17.1,Chalkhill Blue,Lysandra coridon,Parco Nazionale Gran Paradiso,12:30,13:20,16540,20,,,2606,0. Smoke rises vertically,,,,,2
EBMS Transects,6424558,11213714,Transect,EBMS:Italy:17,02/08/2017,S1,EBMS:Italy:17.1,Silver-washed Fritillary,Argynnis paphia,Parco Nazionale Gran Paradiso,12:30,13:20,16540,20,,,2606,0. Smoke rises vertically,,,,,3
EBMS Transects,6424558,11213719,Transect,EBMS:Italy:17,02/08/2017,S1,EBMS:Italy:17.1,Niobe Fritillary,Fabriciana niobe,Parco Nazionale Gran Paradiso,12:30,13:20,16540,20,,,2606,0. Smoke rises vertically,,,,,4
EBMS Transects,6424558,11213680,Transect,EBMS:Italy:17,02/08/2017,S1,EBMS:Italy:17.1,Titania's Fritillary,Boloria titania,Parco Nazionale Gran Paradiso,12:30,13:20,16540,20,,,2606,0. Smoke rises vertically,,,,,1
EBMS Transects,6424558,11213718,Transect,EBMS:Italy:17,02/08/2017,S1,EBMS:Italy:17.1,Camberwell Beauty,Nymphalis antiopa,Parco Nazionale Gran Paradiso,12:30,13:20,16540,20,,,2606,0. Smoke rises vertically,,,,,1
EBMS Transects,6424558,11213720,Transect,EBMS:Italy:17,02/08/2017,S1,EBMS:Italy:17.1,Heath Fritillary,Melitaea athalia,Parco Nazionale Gran Paradiso,12:30,13:20,16540,20,,,2606,0. Smoke rises vertically,,,,,1
EBMS Transects,6424558,11213715,Transect,EBMS:Italy:17,02/08/2017,S1,EBMS:Italy:17.1,Pearly Heath,Coenonympha arcania,Parco Nazionale Gran Paradiso,12:30,13:20,16540,20,,,2606,0. Smoke rises vertically,,,,,1
EBMS Transects,6424558,11213686,Transect,EBMS:Italy:17,02/08/2017,S1,EBMS:Italy:17.1,Marbled White,Melanargia galathea,Parco Nazionale Gran Paradiso,12:30,13:20,16540,20,,,2606,0. Smoke rises vertically,,,,,5
EBMS Transects,6424558,11213717,Transect,EBMS:Italy:17,02/08/2017,S1,EBMS:Italy:17.1,Almond-eyed Ringlet,Erebia albergana,Parco Nazionale Gran Paradiso,12:30,13:20,16540,20,,,2606,0. Smoke rises vertically,,,,,1
EBMS Transects,6424558,11213721,Transect,EBMS:Italy:17,02/08/2017,S1,EBMS:Italy:17.1,Lesser Mountain Ringlet,Erebia melampus,Parco Nazionale Gran Paradiso,12:30,13:20,16540,20,,,2606,0. Smoke rises vertically,,,,,5
EBMS Transects,6424558,11213681,Transect,EBMS:Italy:17,02/08/2017,S1,EBMS:Italy:17.1,Scotch Argus,Erebia aethiops,Parco Nazionale Gran Paradiso,12:30,13:20,16540,20,,,2606,0. Smoke rises vertically,,,,,4
EBMS Transects,6424465,11213498,Transect,EBMS:Italy:17,16/08/2017,S1,EBMS:Italy:17.1,Silver-spotted Skipper,Hesperia comma,Parco Nazionale Gran Paradiso,11:10,12:00,16538,18,,,2453,1. Slight smoke drift,,,,,3
EBMS Transects,6424465,11213505,Transect,EBMS:Italy:17,16/08/2017,S1,EBMS:Italy:17.1,Common Blue,Polyommatus icarus,Parco Nazionale Gran Paradiso,11:10,12:00,16538,18,,,2453,1. Slight smoke drift,,,,,1
EBMS Transects,6424465,11213507,Transect,EBMS:Italy:17,16/08/2017,S1,EBMS:Italy:17.1,Dark Green Fritillary,Speyeria aglaja,Parco Nazionale Gran Paradiso,11:10,12:00,16538,18,,,2453,1. Slight smoke drift,,,,,1
EBMS Transects,6424465,11213506,Transect,EBMS:Italy:17,16/08/2017,S1,EBMS:Italy:17.1,Niobe Fritillary,Fabriciana niobe,Parco Nazionale Gran Paradiso,11:10,12:00,16538,18,,,2453,1. Slight smoke drift,,,,,1
EBMS Transects,6424465,11213495,Transect,EBMS:Italy:17,16/08/2017,S1,EBMS:Italy:17.1,Camberwell Beauty,Nymphalis antiopa,Parco Nazionale Gran Paradiso,11:10,12:00,16538,18,,,2453,1. Slight smoke drift,,,,,1
EBMS Transects,6424465,11213503,Transect,EBMS:Italy:17,16/08/2017,S1,EBMS:Italy:17.1,Small Heath,Coenonympha pamphilus,Parco Nazionale Gran Paradiso,11:10,12:00,16538,18,,,2453,1. Slight smoke drift,,,,,2
EBMS Transects,6424465,11213494,Transect,EBMS:Italy:17,16/08/2017,S1,EBMS:Italy:17.1,Marbled White,Melanargia galathea,Parco Nazionale Gran Paradiso,11:10,12:00,16538,18,,,2453,1. Slight smoke drift,,,,,2
EBMS Transects,6424465,11213496,Transect,EBMS:Italy:17,16/08/2017,S1,EBMS:Italy:17.1,Meadow Brown,Maniola jurtina,Parco Nazionale Gran Paradiso,11:10,12:00,16538,18,,,2453,1. Slight smoke drift,,,,,1
EBMS Transects,6424465,11213499,Transect,EBMS:Italy:17,16/08/2017,S1,EBMS:Italy:17.1,Scotch Argus,Erebia aethiops,Parco Nazionale Gran Paradiso,11:10,12:00,16538,18,,,2453,1. Slight smoke drift,,,,,4
EBMS Transects,6424465,11213504,Transect,EBMS:Italy:17,16/08/2017,S1,EBMS:Italy:17.1,Marbled Ringlet,Erebia montana,Parco Nazionale Gran Paradiso,11:10,12:00,16538,18,,,2453,1. Slight smoke drift,,,,,1
EBMS Transects,6424412,11213379,Transect,EBMS:Italy:17,29/08/2017,S1,EBMS:Italy:17.1,Silver-spotted Skipper,Hesperia comma,Parco Nazionale Gran Paradiso,14:30,14:55,16540,20,,,2453,1. Slight smoke drift,,,,,3
EBMS Transects,6424412,11213381,Transect,EBMS:Italy:17,29/08/2017,S1,EBMS:Italy:17.1,Small Skipper,Thymelicus sylvestris,Parco Nazionale Gran Paradiso,14:30,14:55,16540,20,,,2453,1. Slight smoke drift,,,,,1
EBMS Transects,6424412,11213386,Transect,EBMS:Italy:17,29/08/2017,S1,EBMS:Italy:17.1,Sooty Copper,Lycaena tityrus,Parco Nazionale Gran Paradiso,14:30,14:55,16540,20,,,2453,1. Slight smoke drift,,,,,1
EBMS Transects,6424412,11213400,Transect,EBMS:Italy:17,29/08/2017,S1,EBMS:Italy:17.1,Chalkhill Blue,Lysandra coridon,Parco Nazionale Gran Paradiso,14:30,14:55,16540,20,,,2453,1. Slight smoke drift,,,,,1
EBMS Transects,6424412,11213388,Transect,EBMS:Italy:17,29/08/2017,S1,EBMS:Italy:17.1,Common Blue,Polyommatus icarus,Parco Nazionale Gran Paradiso,14:30,14:55,16540,20,,,2453,1. Slight smoke drift,,,,,2
EBMS Transects,6424412,11213402,Transect,EBMS:Italy:17,29/08/2017,S1,EBMS:Italy:17.1,Queen of Spain Fritillary,Issoria lathonia,Parco Nazionale Gran Paradiso,14:30,14:55,16540,20,,,2453,1. Slight smoke drift,,,,,1
EBMS Transects,6424412,11213404,Transect,EBMS:Italy:17,29/08/2017,S1,EBMS:Italy:17.1,Niobe Fritillary,Fabriciana niobe,Parco Nazionale Gran Paradiso,14:30,14:55,16540,20,,,2453,1. Slight smoke drift,,,,,2
EBMS Transects,6424412,11213384,Transect,EBMS:Italy:17,29/08/2017,S1,EBMS:Italy:17.1,Camberwell Beauty,Nymphalis antiopa,Parco Nazionale Gran Paradiso,14:30,14:55,16540,20,,,2453,1. Slight smoke drift,,,,,1
EBMS Transects,6424412,11213383,Transect,EBMS:Italy:17,29/08/2017,S1,EBMS:Italy:17.1,Marbled White,Melanargia galathea,Parco Nazionale Gran Paradiso,14:30,14:55,16540,20,,,2453,1. Slight smoke drift,,,,,1
EBMS Transects,6424412,11213378,Transect,EBMS:Italy:17,29/08/2017,S1,EBMS:Italy:17.1,Scotch Argus,Erebia aethiops,Parco Nazionale Gran Paradiso,14:30,14:55,16540,20,,,2453,1. Slight smoke drift,,,,,2
EBMS Transects,6419967,11206913,Transect,EBMS:Italy:17,13/09/2017,S1,EBMS:Italy:17.1,Silver-spotted Skipper,Hesperia comma,Parco Nazionale Gran Paradiso,14:45,15:30,16535,15,,,2455,3. Leaves and twigs in slight motion,,,,,2
EBMS Transects,6419967,11206883,Transect,EBMS:Italy:17,13/09/2017,S1,EBMS:Italy:17.1,Small Copper,Lycaena phlaeas,Parco Nazionale Gran Paradiso,14:45,15:30,16535,15,,,2455,3. Leaves and twigs in slight motion,,,,,1
EBMS Transects,6419967,11206881,Transect,EBMS:Italy:17,13/09/2017,S1,EBMS:Italy:17.1,Scarce Copper,Lycaena virgaureae,Parco Nazionale Gran Paradiso,14:45,15:30,16535,15,,,2455,3. Leaves and twigs in slight motion,,,,,1
EBMS Transects,6419967,11206916,Transect,EBMS:Italy:17,13/09/2017,S1,EBMS:Italy:17.1,Large Blue,Phengaris arion,Parco Nazionale Gran Paradiso,14:45,15:30,16535,15,,,2455,3. Leaves and twigs in slight motion,,,,,1
EBMS Transects,6419967,11206934,Transect,EBMS:Italy:17,13/09/2017,S1,EBMS:Italy:17.1,Queen of Spain Fritillary,Issoria lathonia,Parco Nazionale Gran Paradiso,14:45,15:30,16535,15,,,2455,3. Leaves and twigs in slight motion,,,,,1
EBMS Transects,6419967,11206910,Transect,EBMS:Italy:17,13/09/2017,S1,EBMS:Italy:17.1,Niobe Fritillary,Fabriciana niobe,Parco Nazionale Gran Paradiso,14:45,15:30,16535,15,,,2455,3. Leaves and twigs in slight motion,,,,,2
EBMS Transects,6419967,11206917,Transect,EBMS:Italy:17,13/09/2017,S1,EBMS:Italy:17.1,Small Heath,Coenonympha pamphilus,Parco Nazionale Gran Paradiso,14:45,15:30,16535,15,,,2455,3. Leaves and twigs in slight motion,,,,,2
EBMS Transects,6419967,11206885,Transect,EBMS:Italy:17,13/09/2017,S1,EBMS:Italy:17.1,Marbled Ringlet,Erebia montana,Parco Nazionale Gran Paradiso,14:45,15:30,16535,15,,,2455,3. Leaves and twigs in slight motion,,,,,1
EBMS Transects,6021948,10574501,Transect,EBMS:Italy:26,12/05/2017,S1,EBMS:Italy:26.1,Clouded Apollo,Parnassius mnemosyne,"Italian Butterfly Group,",14:45,15:05,16556,Not recorded/no data,,,2459,Not recorded/no data,90,,,,1
EBMS Transects,6021948,10574507,Transect,EBMS:Italy:26,12/05/2017,S1,EBMS:Italy:26.1,Southern Festoon,Zerynthia polyxena,"Italian Butterfly Group,",14:45,15:05,16556,Not recorded/no data,,,2459,Not recorded/no data,90,,,,1
EBMS Transects,6021948,10574503,Transect,EBMS:Italy:26,12/05/2017,S1,EBMS:Italy:26.1,Mallow Skipper,Carcharodus alceae,"Italian Butterfly Group,",14:45,15:05,16556,Not recorded/no data,,,2459,Not recorded/no data,90,,,,8
EBMS Transects,6021948,10574510,Transect,EBMS:Italy:26,12/05/2017,S1,EBMS:Italy:26.1,Oberthür's Grizzled Skipper,Pyrgus armoricanus,"Italian Butterfly Group,",14:45,15:05,16556,Not recorded/no data,,,2459,Not recorded/no data,90,,,,3
EBMS Transects,6021948,10574502,Transect,EBMS:Italy:26,12/05/2017,S1,EBMS:Italy:26.1,Clouded Yellow,Colias crocea,"Italian Butterfly Group,",14:45,15:05,16556,Not recorded/no data,,,2459,Not recorded/no data,90,,,,6
EBMS Transects,6021948,10574504,Transect,EBMS:Italy:26,12/05/2017,S1,EBMS:Italy:26.1,Small White,Pieris rapae,"Italian Butterfly Group,",14:45,15:05,16556,Not recorded/no data,,,2459,Not recorded/no data,90,,,,2
EBMS Transects,6021948,10574512,Transect,EBMS:Italy:26,12/05/2017,S1,EBMS:Italy:26.1,Sooty Copper,Lycaena tityrus,"Italian Butterfly Group,",14:45,15:05,16556,Not recorded/no data,,,2459,Not recorded/no data,90,,,,1
EBMS Transects,6021948,10574506,Transect,EBMS:Italy:26,12/05/2017,S1,EBMS:Italy:26.1,Common Blue,Polyommatus icarus,"Italian Butterfly Group,",14:45,15:05,16556,Not recorded/no data,,,2459,Not recorded/no data,90,,,,2
EBMS Transects,6021948,10574505,Transect,EBMS:Italy:26,12/05/2017,S1,EBMS:Italy:26.1,Pearl-bordered Fritillary,Boloria euphrosyne,"Italian Butterfly Group,",14:45,15:05,16556,Not recorded/no data,,,2459,Not recorded/no data,90,,,,5
EBMS Transects,6021948,10574508,Transect,EBMS:Italy:26,12/05/2017,S1,EBMS:Italy:26.1,Small Heath,Coenonympha pamphilus,"Italian Butterfly Group,",14:45,15:05,16556,Not recorded/no data,,,2459,Not recorded/no data,90,,,,3
EBMS Transects,6021948,10574511,Transect,EBMS:Italy:26,12/05/2017,S1,EBMS:Italy:26.1,Speckled Wood,Pararge aegeria,"Italian Butterfly Group,",14:45,15:05,16556,Not recorded/no data,,,2459,Not recorded/no data,90,,,,1
EBMS Transects,6021948,10574509,Transect,EBMS:Italy:26,12/05/2017,S1,EBMS:Italy:26.1,Wall Brown,Lasiommata megera,"Italian Butterfly Group,",14:45,15:05,16556,Not recorded/no data,,,2459,Not recorded/no data,90,,,,1
EBMS Transects,6021949,10574524,Transect,EBMS:Italy:26,31/05/2017,S1,EBMS:Italy:26.1,Clouded Apollo,Parnassius mnemosyne,"Italian Butterfly Group,",11:00,11:30,16556,Not recorded/no data,,,2459,Not recorded/no data,60,,,,6
EBMS Transects,6021949,10574515,Transect,EBMS:Italy:26,31/05/2017,S1,EBMS:Italy:26.1,Dingy Skipper,Erynnis tages,"Italian Butterfly Group,",11:00,11:30,16556,Not recorded/no data,,,2459,Not recorded/no data,60,,,,6
EBMS Transects,6021949,10574520,Transect,EBMS:Italy:26,31/05/2017,S1,EBMS:Italy:26.1,Southern Grizzled Skipper,Pyrgus malvoides,"Italian Butterfly Group,",11:00,11:30,16556,Not recorded/no data,,,2459,Not recorded/no data,60,,,,1
EBMS Transects,6021949,10574525,Transect,EBMS:Italy:26,31/05/2017,S1,EBMS:Italy:26.1,Clouded Yellow,Colias crocea,"Italian Butterfly Group,",11:00,11:30,16556,Not recorded/no data,,,2459,Not recorded/no data,60,,,,1
EBMS Transects,6021949,10574516,Transect,EBMS:Italy:26,31/05/2017,S1,EBMS:Italy:26.1,Large White,Pieris brassicae,"Italian Butterfly Group,",11:00,11:30,16556,Not recorded/no data,,,2459,Not recorded/no data,60,,,,2
EBMS Transects,6021949,10574517,Transect,EBMS:Italy:26,31/05/2017,S1,EBMS:Italy:26.1,Small White,Pieris rapae,"Italian Butterfly Group,",11:00,11:30,16556,Not recorded/no data,,,2459,Not recorded/no data,60,,,,7
EBMS Transects,6021949,10574513,Transect,EBMS:Italy:26,31/05/2017,S1,EBMS:Italy:26.1,Green-veined White,Pieris napi,"Italian Butterfly Group,",11:00,11:30,16556,Not recorded/no data,,,2459,Not recorded/no data,60,,,,29
EBMS Transects,6021949,10574523,Transect,EBMS:Italy:26,31/05/2017,S1,EBMS:Italy:26.1,Small Copper,Lycaena phlaeas,"Italian Butterfly Group,",11:00,11:30,16556,Not recorded/no data,,,2459,Not recorded/no data,60,,,,2
EBMS Transects,6021949,10574521,Transect,EBMS:Italy:26,31/05/2017,S1,EBMS:Italy:26.1,Sooty Copper,Lycaena tityrus,"Italian Butterfly Group,",11:00,11:30,16556,Not recorded/no data,,,2459,Not recorded/no data,60,,,,1
EBMS Transects,6021949,10574522,Transect,EBMS:Italy:26,31/05/2017,S1,EBMS:Italy:26.1,Amanda's Blue,Polyommatus amandus,"Italian Butterfly Group,",11:00,11:30,16556,Not recorded/no data,,,2459,Not recorded/no data,60,,,,1
EBMS Transects,6021949,10574519,Transect,EBMS:Italy:26,31/05/2017,S1,EBMS:Italy:26.1,Common Blue,Polyommatus icarus,"Italian Butterfly Group,",11:00,11:30,16556,Not recorded/no data,,,2459,Not recorded/no data,60,,,,11
EBMS Transects,6021949,10574514,Transect,EBMS:Italy:26,31/05/2017,S1,EBMS:Italy:26.1,Pearl-bordered Fritillary,Boloria euphrosyne,"Italian Butterfly Group,",11:00,11:30,16556,Not recorded/no data,,,2459,Not recorded/no data,60,,,,14
EBMS Transects,6021949,10574518,Transect,EBMS:Italy:26,31/05/2017,S1,EBMS:Italy:26.1,Glanville Fritillary,Melitaea cinxia,"Italian Butterfly Group,",11:00,11:30,16556,Not recorded/no data,,,2459,Not recorded/no data,60,,,,4
EBMS Transects,6021274,10574488,Transect,EBMS:Italy:26,09/06/2017,S1,EBMS:Italy:26.1,Clouded Apollo,Parnassius mnemosyne,"Italian Butterfly Group,",10:30,11:30,16556,Not recorded/no data,,,2459,Not recorded/no data,100,,,,19
EBMS Transects,6021274,10574530,Transect,EBMS:Italy:26,09/06/2017,S1,EBMS:Italy:26.1,Large Skipper,Ochlodes sylvanus,"Italian Butterfly Group,",10:30,11:30,16556,Not recorded/no data,,,2459,Not recorded/no data,100,,,,1
EBMS Transects,6021274,10574493,Transect,EBMS:Italy:26,09/06/2017,S1,EBMS:Italy:26.1,Mallow Skipper,Carcharodus alceae,"Italian Butterfly Group,",10:30,11:30,16556,Not recorded/no data,,,2459,Not recorded/no data,100,,,,7
EBMS Transects,6021274,10574529,Transect,EBMS:Italy:26,09/06/2017,S1,EBMS:Italy:26.1,Dingy Skipper,Erynnis tages,"Italian Butterfly Group,",10:30,11:30,16556,Not recorded/no data,,,2459,Not recorded/no data,100,,,,1
EBMS Transects,6021274,10574528,Transect,EBMS:Italy:26,09/06/2017,S1,EBMS:Italy:26.1,Safflower Skipper,Pyrgus carthami,"Italian Butterfly Group,",10:30,11:30,16556,Not recorded/no data,,,2459,Not recorded/no data,100,,,,1
EBMS Transects,6021274,10574490,Transect,EBMS:Italy:26,09/06/2017,S1,EBMS:Italy:26.1,Clouded Yellow,Colias crocea,"Italian Butterfly Group,",10:30,11:30,16556,Not recorded/no data,,,2459,Not recorded/no data,100,,,,5
EBMS Transects,6021274,10574495,Transect,EBMS:Italy:26,09/06/2017,S1,EBMS:Italy:26.1,Large White,Pieris brassicae,"Italian Butterfly Group,",10:30,11:30,16556,Not recorded/no data,,,2459,Not recorded/no data,100,,,,3
EBMS Transects,6021274,10574526,Transect,EBMS:Italy:26,09/06/2017,S1,EBMS:Italy:26.1,Small White,Pieris rapae,"Italian Butterfly Group,",10:30,11:30,16556,Not recorded/no data,,,2459,Not recorded/no data,100,,,,16
EBMS Transects,6021274,10574487,Transect,EBMS:Italy:26,09/06/2017,S1,EBMS:Italy:26.1,Green-veined White,Pieris napi,"Italian Butterfly Group,",10:30,11:30,16556,Not recorded/no data,,,2459,Not recorded/no data,100,,,,5
EBMS Transects,6021274,10574492,Transect,EBMS:Italy:26,09/06/2017,S1,EBMS:Italy:26.1,Purple-shot Copper,Lycaena alciphron,"Italian Butterfly Group,",10:30,11:30,16556,Not recorded/no data,,,2459,Not recorded/no data,100,,,,2
EBMS Transects,6021274,10574532,Transect,EBMS:Italy:26,09/06/2017,S1,EBMS:Italy:26.1,Small Blue,Cupido minimus,"Italian Butterfly Group,",10:30,11:30,16556,Not recorded/no data,,,2459,Not recorded/no data,100,,,,1
EBMS Transects,6021274,10574533,Transect,EBMS:Italy:26,09/06/2017,S1,EBMS:Italy:26.1,Geranium Argus,Eumedonia eumedon,"Italian Butterfly Group,",10:30,11:30,16556,Not recorded/no data,,,2459,Not recorded/no data,100,,,,5
EBMS Transects,6021274,10574497,Transect,EBMS:Italy:26,09/06/2017,S1,EBMS:Italy:26.1,Mazarine Blue,Cyaniris semiargus,"Italian Butterfly Group,",10:30,11:30,16556,Not recorded/no data,,,2459,Not recorded/no data,100,,,,7
EBMS Transects,6021274,10574491,Transect,EBMS:Italy:26,09/06/2017,S1,EBMS:Italy:26.1,Brown Argus,Aricia agestis,"Italian Butterfly Group,",10:30,11:30,16556,Not recorded/no data,,,2459,Not recorded/no data,100,,,,6
EBMS Transects,6021274,10574499,Transect,EBMS:Italy:26,09/06/2017,S1,EBMS:Italy:26.1,Amanda's Blue,Polyommatus amandus,"Italian Butterfly Group,",10:30,11:30,16556,Not recorded/no data,,,2459,Not recorded/no data,100,,,,3
EBMS Transects,6021274,10574498,Transect,EBMS:Italy:26,09/06/2017,S1,EBMS:Italy:26.1,Common Blue,Polyommatus icarus,"Italian Butterfly Group,",10:30,11:30,16556,Not recorded/no data,,,2459,Not recorded/no data,100,,,,18
EBMS Transects,6021274,10574489,Transect,EBMS:Italy:26,09/06/2017,S1,EBMS:Italy:26.1,Queen of Spain Fritillary,Issoria lathonia,"Italian Butterfly Group,",10:30,11:30,16556,Not recorded/no data,,,2459,Not recorded/no data,100,,,,2
EBMS Transects,6021274,10574494,Transect,EBMS:Italy:26,09/06/2017,S1,EBMS:Italy:26.1,Pearl-bordered Fritillary,Boloria euphrosyne,"Italian Butterfly Group,",10:30,11:30,16556,Not recorded/no data,,,2459,Not recorded/no data,100,,,,8
EBMS Transects,6021274,10574531,Transect,EBMS:Italy:26,09/06/2017,S1,EBMS:Italy:26.1,Knapweed Fritillary,Melitaea phoebe,"Italian Butterfly Group,",10:30,11:30,16556,Not recorded/no data,,,2459,Not recorded/no data,100,,,,1
EBMS Transects,6021274,10574496,Transect,EBMS:Italy:26,09/06/2017,S1,EBMS:Italy:26.1,Glanville Fritillary,Melitaea cinxia,"Italian Butterfly Group,",10:30,11:30,16556,Not recorded/no data,,,2459,Not recorded/no data,100,,,,9
EBMS Transects,6021274,10574527,Transect,EBMS:Italy:26,09/06/2017,S1,EBMS:Italy:26.1,Heath Fritillary,Melitaea athalia,"Italian Butterfly Group,",10:30,11:30,16556,Not recorded/no data,,,2459,Not recorded/no data,100,,,,7
EBMS Transects,6021274,10574500,Transect,EBMS:Italy:26,09/06/2017,S1,EBMS:Italy:26.1,Pearly Heath,Coenonympha arcania,"Italian Butterfly Group,",10:30,11:30,16556,Not recorded/no data,,,2459,Not recorded/no data,100,,,,3
EBMS Transects,6021374,10574548,Transect,EBMS:Italy:26,20/06/2017,S1,EBMS:Italy:26.1,Clouded Apollo,Parnassius mnemosyne,"Italian Butterfly Group,",10:25,11:10,16556,Not recorded/no data,2460,Not recorded/no data,2459,Not recorded/no data,100,,,,3
EBMS Transects,6021374,10574541,Transect,EBMS:Italy:26,20/06/2017,S1,EBMS:Italy:26.1,Large Skipper,Ochlodes sylvanus,"Italian Butterfly Group,",10:25,11:10,16556,Not recorded/no data,2460,Not recorded/no data,2459,Not recorded/no data,100,,,,2
EBMS Transects,6021374,10574562,Transect,EBMS:Italy:26,20/06/2017,S1,EBMS:Italy:26.1,Small Skipper,Thymelicus sylvestris,"Italian Butterfly Group,",10:25,11:10,16556,Not recorded/no data,2460,Not recorded/no data,2459,Not recorded/no data,100,,,,2
EBMS Transects,6021374,10574564,Transect,EBMS:Italy:26,20/06/2017,S1,EBMS:Italy:26.1,Essex Skipper,Thymelicus lineola,"Italian Butterfly Group,",10:25,11:10,16556,Not recorded/no data,2460,Not recorded/no data,2459,Not recorded/no data,100,,,,2
EBMS Transects,6021374,10574535,Transect,EBMS:Italy:26,20/06/2017,S1,EBMS:Italy:26.1,Safflower Skipper,Pyrgus carthami,"Italian Butterfly Group,",10:25,11:10,16556,Not recorded/no data,2460,Not recorded/no data,2459,Not recorded/no data,100,,,,6
EBMS Transects,6021374,10574560,Transect,EBMS:Italy:26,20/06/2017,S1,EBMS:Italy:26.1,Clouded Yellow,Colias crocea,"Italian Butterfly Group,",10:25,11:10,16556,Not recorded/no data,2460,Not recorded/no data,2459,Not recorded/no data,100,,,,1
EBMS Transects,6021374,10574546,Transect,EBMS:Italy:26,20/06/2017,S1,EBMS:Italy:26.1,Black-veined White,Aporia crataegi,"Italian Butterfly Group,",10:25,11:10,16556,Not recorded/no data,2460,Not recorded/no data,2459,Not recorded/no data,100,,,,5
EBMS Transects,6021374,10574534,Transect,EBMS:Italy:26,20/06/2017,S1,EBMS:Italy:26.1,Small White,Pieris rapae,"Italian Butterfly Group,",10:25,11:10,16556,Not recorded/no data,2460,Not recorded/no data,2459,Not recorded/no data,100,,,,9
EBMS Transects,6021374,10574552,Transect,EBMS:Italy:26,20/06/2017,S1,EBMS:Italy:26.1,Green-veined White,Pieris napi,"Italian Butterfly Group,",10:25,11:10,16556,Not recorded/no data,2460,Not recorded/no data,2459,Not recorded/no data,100,,,,4
EBMS Transects,6021374,10574563,Transect,EBMS:Italy:26,20/06/2017,S1,EBMS:Italy:26.1,Purple-shot Copper,Lycaena alciphron,"Italian Butterfly Group,",10:25,11:10,16556,Not recorded/no data,2460,Not recorded/no data,2459,Not recorded/no data,100,,,,1
EBMS Transects,6021374,10574537,Transect,EBMS:Italy:26,20/06/2017,S1,EBMS:Italy:26.1,Small Copper,Lycaena phlaeas,"Italian Butterfly Group,",10:25,11:10,16556,Not recorded/no data,2460,Not recorded/no data,2459,Not recorded/no data,100,,,,1
EBMS Transects,6021374,10574539,Transect,EBMS:Italy:26,20/06/2017,S1,EBMS:Italy:26.1,Sooty Copper,Lycaena tityrus,"Italian Butterfly Group,",10:25,11:10,16556,Not recorded/no data,2460,Not recorded/no data,2459,Not recorded/no data,100,,,,2
EBMS Transects,6021374,10574561,Transect,EBMS:Italy:26,20/06/2017,S1,EBMS:Italy:26.1,Holly Blue,Celastrina argiolus,"Italian Butterfly Group,",10:25,11:10,16556,Not recorded/no data,2460,Not recorded/no data,2459,Not recorded/no data,100,,,,1
EBMS Transects,6021374,10574544,Transect,EBMS:Italy:26,20/06/2017,S1,EBMS:Italy:26.1,Large Blue,Phengaris arion,"Italian Butterfly Group,",10:25,11:10,16556,Not recorded/no data,2460,Not recorded/no data,2459,Not recorded/no data,100,,,,1
EBMS Transects,6021374,10574556,Transect,EBMS:Italy:26,20/06/2017,S1,EBMS:Italy:26.1,Silver-studded Blue,Plebejus argus,"Italian Butterfly Group,",10:25,11:10,16556,Not recorded/no data,2460,Not recorded/no data,2459,Not recorded/no data,100,,,,3
EBMS Transects,6021374,10574558,Transect,EBMS:Italy:26,20/06/2017,S1,EBMS:Italy:26.1,Geranium Argus,Eumedonia eumedon,"Italian Butterfly Group,",10:25,11:10,16556,Not recorded/no data,2460,Not recorded/no data,2459,Not recorded/no data,100,,,,2
EBMS Transects,6021374,10574540,Transect,EBMS:Italy:26,20/06/2017,S1,EBMS:Italy:26.1,Mazarine Blue,Cyaniris semiargus,"Italian Butterfly Group,",10:25,11:10,16556,Not recorded/no data,2460,Not recorded/no data,2459,Not recorded/no data,100,,,,4
EBMS Transects,6021374,10574555,Transect,EBMS:Italy:26,20/06/2017,S1,EBMS:Italy:26.1,Brown Argus,Aricia agestis,"Italian Butterfly Group,",10:25,11:10,16556,Not recorded/no data,2460,Not recorded/no data,2459,Not recorded/no data,100,,,,2
EBMS Transects,6021374,10574553,Transect,EBMS:Italy:26,20/06/2017,S1,EBMS:Italy:26.1,Amanda's Blue,Polyommatus amandus,"Italian Butterfly Group,",10:25,11:10,16556,Not recorded/no data,2460,Not recorded/no data,2459,Not recorded/no data,100,,,,6
EBMS Transects,6021374,10574536,Transect,EBMS:Italy:26,20/06/2017,S1,EBMS:Italy:26.1,Common Blue,Polyommatus icarus,"Italian Butterfly Group,",10:25,11:10,16556,Not recorded/no data,2460,Not recorded/no data,2459,Not recorded/no data,100,,,,30
EBMS Transects,6021374,10574538,Transect,EBMS:Italy:26,20/06/2017,S1,EBMS:Italy:26.1,Lesser Marbled Fritillary,Brenthis ino,"Italian Butterfly Group,",10:25,11:10,16556,Not recorded/no data,2460,Not recorded/no data,2459,Not recorded/no data,100,,,,13
EBMS Transects,6021374,10574557,Transect,EBMS:Italy:26,20/06/2017,S1,EBMS:Italy:26.1,Dark Green Fritillary,Speyeria aglaja,"Italian Butterfly Group,",10:25,11:10,16556,Not recorded/no data,2460,Not recorded/no data,2459,Not recorded/no data,100,,,,1
EBMS Transects,6021374,10574543,Transect,EBMS:Italy:26,20/06/2017,S1,EBMS:Italy:26.1,Pearl-bordered Fritillary,Boloria euphrosyne,"Italian Butterfly Group,",10:25,11:10,16556,Not recorded/no data,2460,Not recorded/no data,2459,Not recorded/no data,100,,,,5
EBMS Transects,6021374,10574559,Transect,EBMS:Italy:26,20/06/2017,S1,EBMS:Italy:26.1,Comma,Polygonia c-album,"Italian Butterfly Group,",10:25,11:10,16556,Not recorded/no data,2460,Not recorded/no data,2459,Not recorded/no data,100,,,,1
EBMS Transects,6021374,10574566,Transect,EBMS:Italy:26,20/06/2017,S1,EBMS:Italy:26.1,Spotted Fritillary,Melitaea didyma,"Italian Butterfly Group,",10:25,11:10,16556,Not recorded/no data,2460,Not recorded/no data,2459,Not recorded/no data,100,,,,1
EBMS Transects,6021374,10574565,Transect,EBMS:Italy:26,20/06/2017,S1,EBMS:Italy:26.1,Knapweed Fritillary,Melitaea phoebe,"Italian Butterfly Group,",10:25,11:10,16556,Not recorded/no data,2460,Not recorded/no data,2459,Not recorded/no data,100,,,,1
EBMS Transects,6021374,10574542,Transect,EBMS:Italy:26,20/06/2017,S1,EBMS:Italy:26.1,Glanville Fritillary,Melitaea cinxia,"Italian Butterfly Group,",10:25,11:10,16556,Not recorded/no data,2460,Not recorded/no data,2459,Not recorded/no data,100,,,,2
EBMS Transects,6021374,10574550,Transect,EBMS:Italy:26,20/06/2017,S1,EBMS:Italy:26.1,Heath Fritillary,Melitaea athalia,"Italian Butterfly Group,",10:25,11:10,16556,Not recorded/no data,2460,Not recorded/no data,2459,Not recorded/no data,100,,,,5
EBMS Transects,6021374,10574549,Transect,EBMS:Italy:26,20/06/2017,S1,EBMS:Italy:26.1,Nettle-tree Butterfly,Libythea celtis,"Italian Butterfly Group,",10:25,11:10,16556,Not recorded/no data,2460,Not recorded/no data,2459,Not recorded/no data,100,,,,1
EBMS Transects,6021374,10574545,Transect,EBMS:Italy:26,20/06/2017,S1,EBMS:Italy:26.1,Small Heath,Coenonympha pamphilus,"Italian Butterfly Group,",10:25,11:10,16556,Not recorded/no data,2460,Not recorded/no data,2459,Not recorded/no data,100,,,,2
EBMS Transects,6021374,10574551,Transect,EBMS:Italy:26,20/06/2017,S1,EBMS:Italy:26.1,Pearly Heath,Coenonympha arcania,"Italian Butterfly Group,",10:25,11:10,16556,Not recorded/no data,2460,Not recorded/no data,2459,Not recorded/no data,100,,,,7
EBMS Transects,6021374,10574547,Transect,EBMS:Italy:26,20/06/2017,S1,EBMS:Italy:26.1,Wall Brown,Lasiommata megera,"Italian Butterfly Group,",10:25,11:10,16556,Not recorded/no data,2460,Not recorded/no data,2459,Not recorded/no data,100,,,,2
EBMS Transects,6021374,10574554,Transect,EBMS:Italy:26,20/06/2017,S1,EBMS:Italy:26.1,Meadow Brown,Maniola jurtina,"Italian Butterfly Group,",10:25,11:10,16556,Not recorded/no data,2460,Not recorded/no data,2459,Not recorded/no data,100,,,,1
EBMS Transects,6010912,10574568,Transect,EBMS:Italy:26,06/07/2017,S1,EBMS:Italy:26.1,Large Skipper,Ochlodes sylvanus,"Italian Butterfly Group,",10:00,10:45,16556,Not recorded/no data,,,2459,Not recorded/no data,100,,,,39
EBMS Transects,6010912,10574575,Transect,EBMS:Italy:26,06/07/2017,S1,EBMS:Italy:26.1,Small Skipper,Thymelicus sylvestris,"Italian Butterfly Group,",10:00,10:45,16556,Not recorded/no data,,,2459,Not recorded/no data,100,,,,19
EBMS Transects,6010912,10574572,Transect,EBMS:Italy:26,06/07/2017,S1,EBMS:Italy:26.1,Essex Skipper,Thymelicus lineola,"Italian Butterfly Group,",10:00,10:45,16556,Not recorded/no data,,,2459,Not recorded/no data,100,,,,11
EBMS Transects,6010912,10574587,Transect,EBMS:Italy:26,06/07/2017,S1,EBMS:Italy:26.1,Safflower Skipper,Pyrgus carthami,"Italian Butterfly Group,",10:00,10:45,16556,Not recorded/no data,,,2459,Not recorded/no data,100,,,,2
EBMS Transects,6010912,10574594,Transect,EBMS:Italy:26,06/07/2017,S1,EBMS:Italy:26.1,Clouded Yellow,Colias crocea,"Italian Butterfly Group,",10:00,10:45,16556,Not recorded/no data,,,2459,Not recorded/no data,100,,,,2
EBMS Transects,6010912,10574586,Transect,EBMS:Italy:26,06/07/2017,S1,EBMS:Italy:26.1,Black-veined White,Aporia crataegi,"Italian Butterfly Group,",10:00,10:45,16556,Not recorded/no data,,,2459,Not recorded/no data,100,,,,5
EBMS Transects,6010912,10574569,Transect,EBMS:Italy:26,06/07/2017,S1,EBMS:Italy:26.1,Large White,Pieris brassicae,"Italian Butterfly Group,",10:00,10:45,16556,Not recorded/no data,,,2459,Not recorded/no data,100,,,,1
EBMS Transects,6010912,10574593,Transect,EBMS:Italy:26,06/07/2017,S1,EBMS:Italy:26.1,Green-veined White,Pieris napi,"Italian Butterfly Group,",10:00,10:45,16556,Not recorded/no data,,,2459,Not recorded/no data,100,,,,1
EBMS Transects,6010912,10574595,Transect,EBMS:Italy:26,06/07/2017,S1,EBMS:Italy:26.1,Purple-shot Copper,Lycaena alciphron,"Italian Butterfly Group,",10:00,10:45,16556,Not recorded/no data,,,2459,Not recorded/no data,100,,,,1
EBMS Transects,6010912,10574590,Transect,EBMS:Italy:26,06/07/2017,S1,EBMS:Italy:26.1,Small Copper,Lycaena phlaeas,"Italian Butterfly Group,",10:00,10:45,16556,Not recorded/no data,,,2459,Not recorded/no data,100,,,,2
EBMS Transects,6010912,10574579,Transect,EBMS:Italy:26,06/07/2017,S1,EBMS:Italy:26.1,Small Blue,Cupido minimus,"Italian Butterfly Group,",10:00,10:45,16556,Not recorded/no data,,,2459,Not recorded/no data,100,,,,3
EBMS Transects,6010912,10574574,Transect,EBMS:Italy:26,06/07/2017,S1,EBMS:Italy:26.1,Silver-studded Blue,Plebejus argus,"Italian Butterfly Group,",10:00,10:45,16556,Not recorded/no data,,,2459,Not recorded/no data,100,,,,6
EBMS Transects,6010912,10574576,Transect,EBMS:Italy:26,06/07/2017,S1,EBMS:Italy:26.1,Reverdin's Blue,Plebejus argyrognomon,"Italian Butterfly Group,",10:00,10:45,16556,Not recorded/no data,,,2459,Not recorded/no data,100,,,,2
EBMS Transects,6010912,10574577,Transect,EBMS:Italy:26,06/07/2017,S1,EBMS:Italy:26.1,Mazarine Blue,Cyaniris semiargus,"Italian Butterfly Group,",10:00,10:45,16556,Not recorded/no data,,,2459,Not recorded/no data,100,,,,2
EBMS Transects,6010912,10574578,Transect,EBMS:Italy:26,06/07/2017,S1,EBMS:Italy:26.1,Amanda's Blue,Polyommatus amandus,"Italian Butterfly Group,",10:00,10:45,16556,Not recorded/no data,,,2459,Not recorded/no data,100,,,,8
EBMS Transects,6010912,10574592,Transect,EBMS:Italy:26,06/07/2017,S1,EBMS:Italy:26.1,Common Blue,Polyommatus icarus,"Italian Butterfly Group,",10:00,10:45,16556,Not recorded/no data,,,2459,Not recorded/no data,100,,,,2
EBMS Transects,6010912,10574591,Transect,EBMS:Italy:26,06/07/2017,S1,EBMS:Italy:26.1,Queen of Spain Fritillary,Issoria lathonia,"Italian Butterfly Group,",10:00,10:45,16556,Not recorded/no data,,,2459,Not recorded/no data,100,,,,1
EBMS Transects,6010912,10574573,Transect,EBMS:Italy:26,06/07/2017,S1,EBMS:Italy:26.1,Lesser Marbled Fritillary,Brenthis ino,"Italian Butterfly Group,",10:00,10:45,16556,Not recorded/no data,,,2459,Not recorded/no data,100,,,,10
EBMS Transects,6010912,10574597,Transect,EBMS:Italy:26,06/07/2017,S1,EBMS:Italy:26.1,Silver-washed Fritillary,Argynnis paphia,"Italian Butterfly Group,",10:00,10:45,16556,Not recorded/no data,,,2459,Not recorded/no data,100,,,,1
EBMS Transects,6010912,10574583,Transect,EBMS:Italy:26,06/07/2017,S1,EBMS:Italy:26.1,Dark Green Fritillary,Speyeria aglaja,"Italian Butterfly Group,",10:00,10:45,16556,Not recorded/no data,,,2459,Not recorded/no data,100,,,,3
EBMS Transects,6010912,10574585,Transect,EBMS:Italy:26,06/07/2017,S1,EBMS:Italy:26.1,Niobe Fritillary,Fabriciana niobe,"Italian Butterfly Group,",10:00,10:45,16556,Not recorded/no data,,,2459,Not recorded/no data,100,,,,9
EBMS Transects,6010912,10574580,Transect,EBMS:Italy:26,06/07/2017,S1,EBMS:Italy:26.1,Painted Lady,Vanessa cardui,"Italian Butterfly Group,",10:00,10:45,16556,Not recorded/no data,,,2459,Not recorded/no data,100,,,,1
EBMS Transects,6010912,10574567,Transect,EBMS:Italy:26,06/07/2017,S1,EBMS:Italy:26.1,Small Tortoiseshell,Aglais urticae,"Italian Butterfly Group,",10:00,10:45,16556,Not recorded/no data,,,2459,Not recorded/no data,100,,,,1
EBMS Transects,6010912,10574582,Transect,EBMS:Italy:26,06/07/2017,S1,EBMS:Italy:26.1,Comma,Polygonia c-album,"Italian Butterfly Group,",10:00,10:45,16556,Not recorded/no data,,,2459,Not recorded/no data,100,,,,1
EBMS Transects,6010912,10574581,Transect,EBMS:Italy:26,06/07/2017,S1,EBMS:Italy:26.1,Knapweed Fritillary,Melitaea phoebe,"Italian Butterfly Group,",10:00,10:45,16556,Not recorded/no data,,,2459,Not recorded/no data,100,,,,6
EBMS Transects,6010912,10574584,Transect,EBMS:Italy:26,06/07/2017,S1,EBMS:Italy:26.1,Heath Fritillary,Melitaea athalia,"Italian Butterfly Group,",10:00,10:45,16556,Not recorded/no data,,,2459,Not recorded/no data,100,,,,4
EBMS Transects,6010912,10574588,Transect,EBMS:Italy:26,06/07/2017,S1,EBMS:Italy:26.1,Small Heath,Coenonympha pamphilus,"Italian Butterfly Group,",10:00,10:45,16556,Not recorded/no data,,,2459,Not recorded/no data,100,,,,1
EBMS Transects,6010912,10574571,Transect,EBMS:Italy:26,06/07/2017,S1,EBMS:Italy:26.1,Pearly Heath,Coenonympha arcania,"Italian Butterfly Group,",10:00,10:45,16556,Not recorded/no data,,,2459,Not recorded/no data,100,,,,15
EBMS Transects,6010912,10574589,Transect,EBMS:Italy:26,06/07/2017,S1,EBMS:Italy:26.1,Wall Brown,Lasiommata megera,"Italian Butterfly Group,",10:00,10:45,16556,Not recorded/no data,,,2459,Not recorded/no data,100,,,,2
EBMS Transects,6010912,10574596,Transect,EBMS:Italy:26,06/07/2017,S1,EBMS:Italy:26.1,Marbled White,Melanargia galathea,"Italian Butterfly Group,",10:00,10:45,16556,Not recorded/no data,,,2459,Not recorded/no data,100,,,,2
EBMS Transects,6010912,10574570,Transect,EBMS:Italy:26,06/07/2017,S1,EBMS:Italy:26.1,Meadow Brown,Maniola jurtina,"Italian Butterfly Group,",10:00,10:45,16556,Not recorded/no data,,,2459,Not recorded/no data,100,,,,2
EBMS Transects,6021954,10574598,Transect,EBMS:Italy:26,18/07/2017,S1,EBMS:Italy:26.1,Large Skipper,Ochlodes sylvanus,"Italian Butterfly Group,",10:00,10:35,16556,Not recorded/no data,,,2459,Not recorded/no data,100,,,,80
EBMS Transects,6021954,10574602,Transect,EBMS:Italy:26,18/07/2017,S1,EBMS:Italy:26.1,Essex Skipper,Thymelicus lineola,"Italian Butterfly Group,",10:00,10:35,16556,Not recorded/no data,,,2459,Not recorded/no data,100,,,,47
EBMS Transects,6021954,10574616,Transect,EBMS:Italy:26,18/07/2017,S1,EBMS:Italy:26.1,Clouded Yellow,Colias crocea,"Italian Butterfly Group,",10:00,10:35,16556,Not recorded/no data,,,2459,Not recorded/no data,100,,,,4
EBMS Transects,6021954,10574624,Transect,EBMS:Italy:26,18/07/2017,S1,EBMS:Italy:26.1,Large White,Pieris brassicae,"Italian Butterfly Group,",10:00,10:35,16556,Not recorded/no data,,,2459,Not recorded/no data,100,,,,1
EBMS Transects,6021954,10574623,Transect,EBMS:Italy:26,18/07/2017,S1,EBMS:Italy:26.1,Small White,Pieris rapae,"Italian Butterfly Group,",10:00,10:35,16556,Not recorded/no data,,,2459,Not recorded/no data,100,,,,1
EBMS Transects,6021954,10574603,Transect,EBMS:Italy:26,18/07/2017,S1,EBMS:Italy:26.1,Purple-shot Copper,Lycaena alciphron,"Italian Butterfly Group,",10:00,10:35,16556,Not recorded/no data,,,2459,Not recorded/no data,100,,,,1
EBMS Transects,6021954,10574608,Transect,EBMS:Italy:26,18/07/2017,S1,EBMS:Italy:26.1,Long-tailed Blue,Lampides boeticus,"Italian Butterfly Group,",10:00,10:35,16556,Not recorded/no data,,,2459,Not recorded/no data,100,,,,1
EBMS Transects,6021954,10574614,Transect,EBMS:Italy:26,18/07/2017,S1,EBMS:Italy:26.1,Silver-studded Blue,Plebejus argus,"Italian Butterfly Group,",10:00,10:35,16556,Not recorded/no data,,,2459,Not recorded/no data,100,,,,3
EBMS Transects,6021954,10574613,Transect,EBMS:Italy:26,18/07/2017,S1,EBMS:Italy:26.1,Amanda's Blue,Polyommatus amandus,"Italian Butterfly Group,",10:00,10:35,16556,Not recorded/no data,,,2459,Not recorded/no data,100,,,,4
EBMS Transects,6021954,10574612,Transect,EBMS:Italy:26,18/07/2017,S1,EBMS:Italy:26.1,Common Blue,Polyommatus icarus,"Italian Butterfly Group,",10:00,10:35,16556,Not recorded/no data,,,2459,Not recorded/no data,100,,,,6
EBMS Transects,6021954,10574615,Transect,EBMS:Italy:26,18/07/2017,S1,EBMS:Italy:26.1,Queen of Spain Fritillary,Issoria lathonia,"Italian Butterfly Group,",10:00,10:35,16556,Not recorded/no data,,,2459,Not recorded/no data,100,,,,1
EBMS Transects,6021954,10574604,Transect,EBMS:Italy:26,18/07/2017,S1,EBMS:Italy:26.1,Lesser Marbled Fritillary,Brenthis ino,"Italian Butterfly Group,",10:00,10:35,16556,Not recorded/no data,,,2459,Not recorded/no data,100,,,,7
EBMS Transects,6021954,10574601,Transect,EBMS:Italy:26,18/07/2017,S1,EBMS:Italy:26.1,Silver-washed Fritillary,Argynnis paphia,"Italian Butterfly Group,",10:00,10:35,16556,Not recorded/no data,,,2459,Not recorded/no data,100,,,,7
EBMS Transects,6021954,10574609,Transect,EBMS:Italy:26,18/07/2017,S1,EBMS:Italy:26.1,Dark Green Fritillary,Speyeria aglaja,"Italian Butterfly Group,",10:00,10:35,16556,Not recorded/no data,,,2459,Not recorded/no data,100,,,,1
EBMS Transects,6021954,10574610,Transect,EBMS:Italy:26,18/07/2017,S1,EBMS:Italy:26.1,Niobe Fritillary,Fabriciana niobe,"Italian Butterfly Group,",10:00,10:35,16556,Not recorded/no data,,,2459,Not recorded/no data,100,,,,7
EBMS Transects,6021954,10574606,Transect,EBMS:Italy:26,18/07/2017,S1,EBMS:Italy:26.1,Painted Lady,Vanessa cardui,"Italian Butterfly Group,",10:00,10:35,16556,Not recorded/no data,,,2459,Not recorded/no data,100,,,,1
EBMS Transects,6021954,10574621,Transect,EBMS:Italy:26,18/07/2017,S1,EBMS:Italy:26.1,Comma,Polygonia c-album,"Italian Butterfly Group,",10:00,10:35,16556,Not recorded/no data,,,2459,Not recorded/no data,100,,,,1
EBMS Transects,6021954,10574620,Transect,EBMS:Italy:26,18/07/2017,S1,EBMS:Italy:26.1,Spotted Fritillary,Melitaea didyma,"Italian Butterfly Group,",10:00,10:35,16556,Not recorded/no data,,,2459,Not recorded/no data,100,,,,2
EBMS Transects,6021954,10574605,Transect,EBMS:Italy:26,18/07/2017,S1,EBMS:Italy:26.1,Heath Fritillary,Melitaea athalia,"Italian Butterfly Group,",10:00,10:35,16556,Not recorded/no data,,,2459,Not recorded/no data,100,,,,10
EBMS Transects,6021954,10574607,Transect,EBMS:Italy:26,18/07/2017,S1,EBMS:Italy:26.1,Small Heath,Coenonympha pamphilus,"Italian Butterfly Group,",10:00,10:35,16556,Not recorded/no data,,,2459,Not recorded/no data,100,,,,1
EBMS Transects,6021954,10574611,Transect,EBMS:Italy:26,18/07/2017,S1,EBMS:Italy:26.1,Pearly Heath,Coenonympha arcania,"Italian Butterfly Group,",10:00,10:35,16556,Not recorded/no data,,,2459,Not recorded/no data,100,,,,6
EBMS Transects,6021954,10574619,Transect,EBMS:Italy:26,18/07/2017,S1,EBMS:Italy:26.1,Speckled Wood,Pararge aegeria,"Italian Butterfly Group,",10:00,10:35,16556,Not recorded/no data,,,2459,Not recorded/no data,100,,,,1
EBMS Transects,6021954,10574599,Transect,EBMS:Italy:26,18/07/2017,S1,EBMS:Italy:26.1,Wall Brown,Lasiommata megera,"Italian Butterfly Group,",10:00,10:35,16556,Not recorded/no data,,,2459,Not recorded/no data,100,,,,1
EBMS Transects,6021954,10574618,Transect,EBMS:Italy:26,18/07/2017,S1,EBMS:Italy:26.1,Marbled White,Melanargia galathea,"Italian Butterfly Group,",10:00,10:35,16556,Not recorded/no data,,,2459,Not recorded/no data,100,,,,1
EBMS Transects,6021954,10574617,Transect,EBMS:Italy:26,18/07/2017,S1,EBMS:Italy:26.1,Rock Grayling,Hipparchia hermione,"Italian Butterfly Group,",10:00,10:35,16556,Not recorded/no data,,,2459,Not recorded/no data,100,,,,3
EBMS Transects,6021954,10574622,Transect,EBMS:Italy:26,18/07/2017,S1,EBMS:Italy:26.1,Great Banded Grayling,Brintesia circe,"Italian Butterfly Group,",10:00,10:35,16556,Not recorded/no data,,,2459,Not recorded/no data,100,,,,1
EBMS Transects,6021954,10574600,Transect,EBMS:Italy:26,18/07/2017,S1,EBMS:Italy:26.1,Meadow Brown,Maniola jurtina,"Italian Butterfly Group,",10:00,10:35,16556,Not recorded/no data,,,2459,Not recorded/no data,100,,,,10
EBMS Transects,6021956,10574639,Transect,EBMS:Italy:26,31/07/2017,S1,EBMS:Italy:26.1,Large Skipper,Ochlodes sylvanus,"Italian Butterfly Group,",10:25,10:55,16556,Not recorded/no data,,,2459,Not recorded/no data,100,,,,3
EBMS Transects,6021956,10574634,Transect,EBMS:Italy:26,31/07/2017,S1,EBMS:Italy:26.1,Essex Skipper,Thymelicus lineola,"Italian Butterfly Group,",10:25,10:55,16556,Not recorded/no data,,,2459,Not recorded/no data,100,,,,7
EBMS Transects,6021956,10574647,Transect,EBMS:Italy:26,31/07/2017,S1,EBMS:Italy:26.1,Mallow Skipper,Carcharodus alceae,"Italian Butterfly Group,",10:25,10:55,16556,Not recorded/no data,,,2459,Not recorded/no data,100,,,,1
EBMS Transects,6021956,10574643,Transect,EBMS:Italy:26,31/07/2017,S1,EBMS:Italy:26.1,Wood White,Leptidea sinapis,"Italian Butterfly Group,",10:25,10:55,16556,Not recorded/no data,,,2459,Not recorded/no data,100,,,,1
EBMS Transects,6021956,10574636,Transect,EBMS:Italy:26,31/07/2017,S1,EBMS:Italy:26.1,Clouded Yellow,Colias crocea,"Italian Butterfly Group,",10:25,10:55,16556,Not recorded/no data,,,2459,Not recorded/no data,100,,,,2
EBMS Transects,6021956,10574644,Transect,EBMS:Italy:26,31/07/2017,S1,EBMS:Italy:26.1,Small White,Pieris rapae,"Italian Butterfly Group,",10:25,10:55,16556,Not recorded/no data,,,2459,Not recorded/no data,100,,,,4
EBMS Transects,6021956,10574649,Transect,EBMS:Italy:26,31/07/2017,S1,EBMS:Italy:26.1,Green-veined White,Pieris napi,"Italian Butterfly Group,",10:25,10:55,16556,Not recorded/no data,,,2459,Not recorded/no data,100,,,,1
EBMS Transects,6021956,10574632,Transect,EBMS:Italy:26,31/07/2017,S1,EBMS:Italy:26.1,Purple-shot Copper,Lycaena alciphron,"Italian Butterfly Group,",10:25,10:55,16556,Not recorded/no data,,,2459,Not recorded/no data,100,,,,3
EBMS Transects,6021956,10574633,Transect,EBMS:Italy:26,31/07/2017,S1,EBMS:Italy:26.1,Small Copper,Lycaena phlaeas,"Italian Butterfly Group,",10:25,10:55,16556,Not recorded/no data,,,2459,Not recorded/no data,100,,,,4
EBMS Transects,6021956,10574628,Transect,EBMS:Italy:26,31/07/2017,S1,EBMS:Italy:26.1,Sooty Copper,Lycaena tityrus,"Italian Butterfly Group,",10:25,10:55,16556,Not recorded/no data,,,2459,Not recorded/no data,100,,,,1
EBMS Transects,6021956,10574626,Transect,EBMS:Italy:26,31/07/2017,S1,EBMS:Italy:26.1,Long-tailed Blue,Lampides boeticus,"Italian Butterfly Group,",10:25,10:55,16556,Not recorded/no data,,,2459,Not recorded/no data,100,,,,5
EBMS Transects,6021956,10574631,Transect,EBMS:Italy:26,31/07/2017,S1,EBMS:Italy:26.1,Holly Blue,Celastrina argiolus,"Italian Butterfly Group,",10:25,10:55,16556,Not recorded/no data,,,2459,Not recorded/no data,100,,,,6
EBMS Transects,6021956,10574641,Transect,EBMS:Italy:26,31/07/2017,S1,EBMS:Italy:26.1,Silver-studded Blue,Plebejus argus,"Italian Butterfly Group,",10:25,10:55,16556,Not recorded/no data,,,2459,Not recorded/no data,100,,,,1
EBMS Transects,6021956,10574645,Transect,EBMS:Italy:26,31/07/2017,S1,EBMS:Italy:26.1,Amanda's Blue,Polyommatus amandus,"Italian Butterfly Group,",10:25,10:55,16556,Not recorded/no data,,,2459,Not recorded/no data,100,,,,4
EBMS Transects,6021956,10574629,Transect,EBMS:Italy:26,31/07/2017,S1,EBMS:Italy:26.1,Common Blue,Polyommatus icarus,"Italian Butterfly Group,",10:25,10:55,16556,Not recorded/no data,,,2459,Not recorded/no data,100,,,,8
EBMS Transects,6021956,10574625,Transect,EBMS:Italy:26,31/07/2017,S1,EBMS:Italy:26.1,Queen of Spain Fritillary,Issoria lathonia,"Italian Butterfly Group,",10:25,10:55,16556,Not recorded/no data,,,2459,Not recorded/no data,100,,,,14
EBMS Transects,6021956,10574642,Transect,EBMS:Italy:26,31/07/2017,S1,EBMS:Italy:26.1,Lesser Marbled Fritillary,Brenthis ino,"Italian Butterfly Group,",10:25,10:55,16556,Not recorded/no data,,,2459,Not recorded/no data,100,,,,2
EBMS Transects,6021956,10574630,Transect,EBMS:Italy:26,31/07/2017,S1,EBMS:Italy:26.1,Silver-washed Fritillary,Argynnis paphia,"Italian Butterfly Group,",10:25,10:55,16556,Not recorded/no data,,,2459,Not recorded/no data,100,,,,14
EBMS Transects,6021956,10574637,Transect,EBMS:Italy:26,31/07/2017,S1,EBMS:Italy:26.1,Comma,Polygonia c-album,"Italian Butterfly Group,",10:25,10:55,16556,Not recorded/no data,,,2459,Not recorded/no data,100,,,,3
EBMS Transects,6021956,10574640,Transect,EBMS:Italy:26,31/07/2017,S1,EBMS:Italy:26.1,Spotted Fritillary,Melitaea didyma,"Italian Butterfly Group,",10:25,10:55,16556,Not recorded/no data,,,2459,Not recorded/no data,100,,,,1
EBMS Transects,6021956,10574646,Transect,EBMS:Italy:26,31/07/2017,S1,EBMS:Italy:26.1,Pearly Heath,Coenonympha arcania,"Italian Butterfly Group,",10:25,10:55,16556,Not recorded/no data,,,2459,Not recorded/no data,100,,,,4
EBMS Transects,6021956,10574650,Transect,EBMS:Italy:26,31/07/2017,S1,EBMS:Italy:26.1,Speckled Wood,Pararge aegeria,"Italian Butterfly Group,",10:25,10:55,16556,Not recorded/no data,,,2459,Not recorded/no data,100,,,,1
EBMS Transects,6021956,10574648,Transect,EBMS:Italy:26,31/07/2017,S1,EBMS:Italy:26.1,Marbled White,Melanargia galathea,"Italian Butterfly Group,",10:25,10:55,16556,Not recorded/no data,,,2459,Not recorded/no data,100,,,,1
EBMS Transects,6021956,10574638,Transect,EBMS:Italy:26,31/07/2017,S1,EBMS:Italy:26.1,Rock Grayling,Hipparchia hermione,"Italian Butterfly Group,",10:25,10:55,16556,Not recorded/no data,,,2459,Not recorded/no data,100,,,,1
EBMS Transects,6021956,10574627,Transect,EBMS:Italy:26,31/07/2017,S1,EBMS:Italy:26.1,Great Banded Grayling,Brintesia circe,"Italian Butterfly Group,",10:25,10:55,16556,Not recorded/no data,,,2459,Not recorded/no data,100,,,,4
EBMS Transects,6021956,10574635,Transect,EBMS:Italy:26,31/07/2017,S1,EBMS:Italy:26.1,Meadow Brown,Maniola jurtina,"Italian Butterfly Group,",10:25,10:55,16556,Not recorded/no data,,,2459,Not recorded/no data,100,,,,11
EBMS Transects,6021958,10574662,Transect,EBMS:Italy:26,18/08/2017,S1,EBMS:Italy:26.1,Mallow Skipper,Carcharodus alceae,"Italian Butterfly Group,",09:25,09:50,16556,Not recorded/no data,,,2459,Not recorded/no data,100,,,,3
EBMS Transects,6021958,10574660,Transect,EBMS:Italy:26,18/08/2017,S1,EBMS:Italy:26.1,Rosy Grizzled Skipper,Pyrgus onopordi,"Italian Butterfly Group,",09:25,09:50,16556,Not recorded/no data,,,2459,Not recorded/no data,100,,,,1
EBMS Transects,6021958,10574663,Transect,EBMS:Italy:26,18/08/2017,S1,EBMS:Italy:26.1,Wood White,Leptidea sinapis,"Italian Butterfly Group,",09:25,09:50,16556,Not recorded/no data,,,2459,Not recorded/no data,100,,,,1
EBMS Transects,6021958,10574654,Transect,EBMS:Italy:26,18/08/2017,S1,EBMS:Italy:26.1,Small Copper,Lycaena phlaeas,"Italian Butterfly Group,",09:25,09:50,16556,Not recorded/no data,,,2459,Not recorded/no data,100,,,,4
EBMS Transects,6021958,10574651,Transect,EBMS:Italy:26,18/08/2017,S1,EBMS:Italy:26.1,Sooty Copper,Lycaena tityrus,"Italian Butterfly Group,",09:25,09:50,16556,Not recorded/no data,,,2459,Not recorded/no data,100,,,,5
EBMS Transects,6021958,10574653,Transect,EBMS:Italy:26,18/08/2017,S1,EBMS:Italy:26.1,Holly Blue,Celastrina argiolus,"Italian Butterfly Group,",09:25,09:50,16556,Not recorded/no data,,,2459,Not recorded/no data,100,,,,5
EBMS Transects,6021958,10574661,Transect,EBMS:Italy:26,18/08/2017,S1,EBMS:Italy:26.1,Queen of Spain Fritillary,Issoria lathonia,"Italian Butterfly Group,",09:25,09:50,16556,Not recorded/no data,,,2459,Not recorded/no data,100,,,,2
EBMS Transects,6021958,10574656,Transect,EBMS:Italy:26,18/08/2017,S1,EBMS:Italy:26.1,Silver-washed Fritillary,Argynnis paphia,"Italian Butterfly Group,",09:25,09:50,16556,Not recorded/no data,,,2459,Not recorded/no data,100,,,,7
EBMS Transects,6021958,10574652,Transect,EBMS:Italy:26,18/08/2017,S1,EBMS:Italy:26.1,Niobe Fritillary,Fabriciana niobe,"Italian Butterfly Group,",09:25,09:50,16556,Not recorded/no data,,,2459,Not recorded/no data,100,,,,1
EBMS Transects,6021958,10574664,Transect,EBMS:Italy:26,18/08/2017,S1,EBMS:Italy:26.1,Small Heath,Coenonympha pamphilus,"Italian Butterfly Group,",09:25,09:50,16556,Not recorded/no data,,,2459,Not recorded/no data,100,,,,1
EBMS Transects,6021958,10574665,Transect,EBMS:Italy:26,18/08/2017,S1,EBMS:Italy:26.1,Speckled Wood,Pararge aegeria,"Italian Butterfly Group,",09:25,09:50,16556,Not recorded/no data,,,2459,Not recorded/no data,100,,,,1
EBMS Transects,6021958,10574658,Transect,EBMS:Italy:26,18/08/2017,S1,EBMS:Italy:26.1,Wall Brown,Lasiommata megera,"Italian Butterfly Group,",09:25,09:50,16556,Not recorded/no data,,,2459,Not recorded/no data,100,,,,3
EBMS Transects,6021958,10574655,Transect,EBMS:Italy:26,18/08/2017,S1,EBMS:Italy:26.1,Rock Grayling,Hipparchia hermione,"Italian Butterfly Group,",09:25,09:50,16556,Not recorded/no data,,,2459,Not recorded/no data,100,,,,5
EBMS Transects,6021958,10574659,Transect,EBMS:Italy:26,18/08/2017,S1,EBMS:Italy:26.1,Great Banded Grayling,Brintesia circe,"Italian Butterfly Group,",09:25,09:50,16556,Not recorded/no data,,,2459,Not recorded/no data,100,,,,2
EBMS Transects,6021958,10574657,Transect,EBMS:Italy:26,18/08/2017,S1,EBMS:Italy:26.1,Meadow Brown,Maniola jurtina,"Italian Butterfly Group,",09:25,09:50,16556,Not recorded/no data,,,2459,Not recorded/no data,100,,,,8
EBMS Transects,6011559,10574670,Transect,EBMS:Italy:26,14/09/2017,S1,EBMS:Italy:26.1,Mallow Skipper,Carcharodus alceae,"Italian Butterfly Group,",10:45,11:15,16556,Not recorded/no data,,,2459,Not recorded/no data,75,,,,1
EBMS Transects,6011559,10574669,Transect,EBMS:Italy:26,14/09/2017,S1,EBMS:Italy:26.1,Sooty Copper,Lycaena tityrus,"Italian Butterfly Group,",10:45,11:15,16556,Not recorded/no data,,,2459,Not recorded/no data,75,,,,1
EBMS Transects,6011559,10574666,Transect,EBMS:Italy:26,14/09/2017,S1,EBMS:Italy:26.1,Common Blue,Polyommatus icarus,"Italian Butterfly Group,",10:45,11:15,16556,Not recorded/no data,,,2459,Not recorded/no data,75,,,,3
EBMS Transects,6011559,10574667,Transect,EBMS:Italy:26,14/09/2017,S1,EBMS:Italy:26.1,Queen of Spain Fritillary,Issoria lathonia,"Italian Butterfly Group,",10:45,11:15,16556,Not recorded/no data,,,2459,Not recorded/no data,75,,,,4
EBMS Transects,6011559,10574672,Transect,EBMS:Italy:26,14/09/2017,S1,EBMS:Italy:26.1,Cardinal,Argynnis pandora,"Italian Butterfly Group,",10:45,11:15,16556,Not recorded/no data,,,2459,Not recorded/no data,75,,,,1
EBMS Transects,6011559,10574673,Transect,EBMS:Italy:26,14/09/2017,S1,EBMS:Italy:26.1,Speckled Wood,Pararge aegeria,"Italian Butterfly Group,",10:45,11:15,16556,Not recorded/no data,,,2459,Not recorded/no data,75,,,,1
EBMS Transects,6011559,10574671,Transect,EBMS:Italy:26,14/09/2017,S1,EBMS:Italy:26.1,Wall Brown,Lasiommata megera,"Italian Butterfly Group,",10:45,11:15,16556,Not recorded/no data,,,2459,Not recorded/no data,75,,,,3
EBMS Transects,6011559,10574674,Transect,EBMS:Italy:26,14/09/2017,S1,EBMS:Italy:26.1,Grayling,Hipparchia semele,"Italian Butterfly Group,",10:45,11:15,16556,Not recorded/no data,,,2459,Not recorded/no data,75,,,,1
EBMS Transects,6011559,10574675,Transect,EBMS:Italy:26,14/09/2017,S1,EBMS:Italy:26.1,Great Banded Grayling,Brintesia circe,"Italian Butterfly Group,",10:45,11:15,16556,Not recorded/no data,,,2459,Not recorded/no data,75,,,,1
EBMS Transects,6011559,10574676,Transect,EBMS:Italy:26,14/09/2017,S1,EBMS:Italy:26.1,Meadow Brown,Maniola jurtina,"Italian Butterfly Group,",10:45,11:15,16556,Not recorded/no data,,,2459,Not recorded/no data,75,,,,1
